"","pop_brk","alert_lab","alert_type","alert_stringency","impact_mean","sd_impact","eff_mean","sd_eff","ppv","n_alerts","missed_prop","n_outbreaks","delay_mean","sd_delay","std_impact","std_eff","std_ppv","std_missed","std_delay","util_score"
"1","≥ 500k","≥ 7.5 per 10K","rate","7",2351.4,2592.6,3.5,4.7,0.9,9,1,207,6.1,3.4,1.6,2.9,1.9,-1.9,-0.8,3.7
"2","< 50k","≥ 25 weekly","case","4",286.2,375.4,1223.9,7649.2,0.3,71,0,43,4.8,4.9,0.6,2.6,0.6,0.4,-1.3,2.9
"3","< 50k","≥ 100 total","cum case","5",274.6,405.8,1031.4,6928.3,0.3,91,0,43,3.3,4.3,0.5,2,0.3,0.4,-0.8,2.4
"4","< 50k","≥ 1000 total","cum case","7",584.8,580.1,64.4,112.1,0.8,4,0.9,43,3.2,5.7,3,-1.1,3.1,-2.3,-0.8,1.9
"5","[50k, 500k)","≥ 1000 total","cum case","7",471.5,699.3,1.9,2.2,0.5,15,1,278,6.3,3.9,2,0.3,2.7,-2,-1.1,1.9
"6","[50k, 500k)","≥ 50 weekly","case","5",376.2,618.3,2.3,4.1,0.4,265,0.4,278,5.3,5,1.1,0.8,1.1,-0.3,-0.8,1.9
"7","[50k, 500k)","≥ 500 total","cum case","6",449.7,766.2,2.2,3,0.4,78,0.8,278,5.5,3.2,1.8,0.7,1.5,-1.6,-0.8,1.6
"8","< 50k","≥ 50 weekly","case","5",361.5,437.8,855.7,4552,0.4,30,0.4,43,4.1,2.2,1.2,1.4,0.9,-0.8,-1.1,1.6
"9","[50k, 500k)","≥ 5 per 10K","rate","6",350.1,651.8,3.2,5.5,0.3,134,0.7,278,6.2,5.6,0.9,2,0.8,-1.2,-1,1.5
"10","[50k, 500k)","≥ 7.5 per 10K","rate","7",348.7,548.6,3.8,6.5,0.3,82,0.8,278,6.5,6.1,0.8,2.7,0.7,-1.6,-1.1,1.5
"11","[50k, 500k)","≥ 2.5 per 10K","rate","5",328.8,570.8,2.6,4.7,0.3,315,0.4,278,5.3,4.7,0.7,1.2,0.6,-0.3,-0.8,1.4
"12","< 50k","1-week","trend","2",91.4,260.4,234.8,3257.9,0.1,772,0,43,-7.6,15.9,-0.9,-0.5,-0.8,0.5,3,1.3
"13","≥ 500k","≥ 5 per 10K","rate","6",2028.2,2287.2,3,4,0.7,14,0.9,207,8,9.4,1.1,2.3,0.9,-1.8,-1.2,1.3
"14","< 50k","≥ 50 total","cum case","4",216.1,384.7,649.5,5585.1,0.2,149,0,43,1.6,2.6,0.1,0.8,-0.1,0.5,-0.2,1.1
"15","≥ 500k","≥ 250 weekly","case","7",2484.9,3005.9,1.2,2.4,0.8,64,0.7,207,8,6.8,1.9,0.1,1.5,-1.2,-1.2,1.1
"16","≥ 500k","≥ 100 weekly","case","6",2007.4,2754.3,1.1,2.1,0.7,157,0.4,207,5.8,5.7,1,0,1,-0.2,-0.8,1
"17","[50k, 500k)","≥ 100 weekly","case","6",438.2,771.6,2.2,3.5,0.3,102,0.7,278,6,3.2,1.7,0.6,1,-1.3,-1,1
"18","≥ 500k","≥ 1000 total","cum case","7",2444.2,3021.6,1.3,2.6,0.7,70,0.7,207,7.2,7,1.8,0.2,1.1,-1.2,-1,0.9
"19","[50k, 500k)","≥ 25 weekly","case","4",303.8,550.4,1.8,3.6,0.3,549,0.1,278,4.4,4.5,0.4,0.2,0.3,0.5,-0.5,0.9
"20","[50k, 500k)","≥ 100 total","cum case","5",286.9,527.9,1.7,3.5,0.3,723,0.1,278,3.7,5.2,0.3,0,0.2,0.6,-0.3,0.8
"21","[50k, 500k)","≥ 1.5 per 10K","rate","4",282.9,509.3,2.1,4,0.3,500,0.2,278,4.5,4.4,0.2,0.6,0.3,0.2,-0.5,0.8
"22","≥ 500k","≥ 50 weekly","case","5",1711.3,2650,0.9,1.9,0.6,223,0.2,207,4.2,4.6,0.5,-0.2,0.5,0.4,-0.4,0.8
"23","< 50k","≥ 10 weekly","case","3",204.4,352.6,652.1,5485.5,0.2,139,0,43,2.7,2.3,0,0.8,-0.1,0.5,-0.6,0.6
"24","≥ 500k","≥ 25 weekly","case","4",1412.1,2379.1,0.8,1.8,0.6,317,0,207,2.2,6.6,0,-0.4,0.2,0.8,0,0.6
"25","≥ 500k","≥ 500 total","cum case","6",1976.4,2858,1.1,2.3,0.7,152,0.4,207,6.6,7.6,1,0,0.9,-0.4,-0.9,0.6
"26","≥ 500k","≥ 100 total","cum case","5",1342.5,2406,0.8,1.8,0.5,389,0,207,0.7,7.3,-0.1,-0.4,-0.1,0.8,0.3,0.5
"27","[50k, 500k)","≥ 1 per 10K","rate","3",248.4,458.1,1.8,3.5,0.2,721,0.1,278,3.8,4,-0.1,0.2,-0.1,0.5,-0.3,0.2
"28","< 50k","≥ 25 total","cum case","3",182.4,392.7,446.6,4693.9,0.1,233,0,43,0.3,2.3,-0.2,0.1,-0.4,0.5,0.2,0.2
"29","< 50k","≥ 7.5 per 10K","rate","7",194.6,346.8,727.4,5670.7,0.2,130,0.1,43,3.2,3,-0.1,1,-0.2,0.3,-0.8,0.2
"30","[50k, 500k)","≥ 50 total","cum case","4",229.6,497.8,1.4,3,0.2,1287,0,278,1.6,3.8,-0.3,-0.4,-0.3,0.7,0.3,-5.55111512312578e-17
"31","≥ 500k","≥ 50 total","cum case","4",1057.5,2171.3,0.7,1.7,0.4,508,0,207,-2.3,9.6,-0.6,-0.6,-0.6,0.8,0.9,-0.0999999999999999
"32","< 50k","2-week","trend","4",103.8,268.8,202.3,2835.2,0.1,604,0,43,-3.7,9.4,-0.8,-0.6,-0.8,0.5,1.6,-0.1
"33","[50k, 500k)","≥ 10 weekly","case","3",230.6,474.1,1.4,3,0.2,1068,0,278,2.7,3.4,-0.3,-0.3,-0.3,0.7,0,-0.2
"34","[50k, 500k)","≥ .5 per 10K","rate","2",222.1,444.3,1.6,3.2,0.2,1106,0,278,2.6,3.7,-0.4,-0.2,-0.3,0.7,0,-0.2
"35","< 50k","≥ 5 per 10K","rate","6",173.6,316.9,574.7,5038,0.2,165,0,43,2.7,2.9,-0.3,0.5,-0.3,0.4,-0.6,-0.3
"36","≥ 500k","≥ .5 per 10K","rate","2",1474.4,2213.8,1.2,2.3,0.6,168,0.4,207,4.9,4.9,0.1,0.1,0.4,-0.3,-0.6,-0.3
"37","≥ 500k","≥ 10 weekly","case","3",1141.9,2222.4,0.7,1.7,0.4,458,0,207,-0.1,7.4,-0.5,-0.5,-0.5,0.8,0.4,-0.3
"38","≥ 500k","≥ 1.5 per 10K","rate","4",1581.3,2213.9,1.8,2.8,0.7,70,0.7,207,7.2,6.7,0.3,0.8,0.9,-1.2,-1.1,-0.3
"39","≥ 500k","≥ 2.5 per 10K","rate","5",1732.5,2707.4,2.4,3.7,0.6,31,0.9,207,7.7,8.5,0.5,1.5,0.4,-1.6,-1.1,-0.3
"40","< 50k","≥ 5 total","cum case","1",111.5,288.1,220.9,3198.8,0.1,504,0,43,-2.6,6,-0.8,-0.6,-0.7,0.5,1.2,-0.4
"41","≥ 500k","≥ 1 per 10K","rate","3",1511.1,2107.5,1.5,2.6,0.7,95,0.6,207,6.6,6.4,0.2,0.5,0.7,-0.9,-0.9,-0.4
"42","< 50k","≥ 10 total","cum case","2",128.9,317.4,278.8,3625.2,0.1,392,0,43,-1,3.3,-0.6,-0.4,-0.7,0.5,0.7,-0.5
"43","≥ 500k","≥ 5 weekly","case","2",984.9,2071.2,0.6,1.6,0.4,544,0,207,-1.2,7.9,-0.7,-0.6,-0.7,0.8,0.6,-0.6
"44","< 50k","≥ 2.5 per 10K","rate","5",150.9,334.1,388.1,4122.2,0.1,247,0,43,1.3,4,-0.5,0,-0.5,0.5,-0.1,-0.6
"45","≥ 500k","≥ 25 total","cum case","3",874.4,1964.2,0.6,1.6,0.3,648,0,207,-3.8,10,-0.9,-0.7,-1,0.8,1.2,-0.6
"46","< 50k","≥ 5 weekly","case","2",153.1,300.9,442.3,4510.9,0.1,206,0,43,2.1,2,-0.4,0.1,-0.4,0.5,-0.4,-0.6
"47","≥ 500k","≥ .25 per 10K","rate","1",1283.4,2175.2,1,2,0.5,250,0.2,207,4.1,6,-0.2,-0.2,0,0.2,-0.4,-0.6
"48","< 50k","≥ .5 per 10K","rate","2",113.4,277.3,248.5,3291.8,0.1,388,0,43,-1.3,9.6,-0.8,-0.5,-0.7,0.5,0.8,-0.7
"49","[50k, 500k)","≥ .25 per 10K","rate","1",193.3,428.6,1.3,2.9,0.2,1480,0,278,1.4,5,-0.6,-0.5,-0.7,0.7,0.4,-0.7
"50","[50k, 500k)","≥ 25 total","cum case","3",184.1,437.6,1.2,2.8,0.2,1895,0,278,0.2,3.6,-0.7,-0.7,-0.8,0.7,0.8,-0.7
"51","≥ 500k","≥ 5 total","cum case","1",727.7,1824.6,0.5,1.5,0.3,843,0,207,-7.1,12.3,-1.2,-0.8,-1.3,0.8,1.8,-0.7
"52","< 50k","≥ 100 weekly","case","6",439.6,479.9,39.7,62.3,0.5,15,0.7,43,4.3,3.1,1.8,-1.1,1.5,-1.8,-1.1,-0.7
"53","[50k, 500k)","≥ 5 weekly","case","2",197.2,432.9,1.2,2.8,0.2,1479,0,278,1.7,3.2,-0.6,-0.6,-0.6,0.7,0.3,-0.8
"54","≥ 500k","≥ 10 total","cum case","2",786.9,1884.4,0.5,1.5,0.3,764,0,207,-5.7,11,-1.1,-0.8,-1.2,0.8,1.5,-0.8
"55","[50k, 500k)","≥ 10 total","cum case","2",150.5,385.9,1,2.5,0.1,2677,0,278,-2.2,7.8,-1,-0.9,-1.1,0.7,1.5,-0.8
"56","< 50k","≥ 1.5 per 10K","rate","4",132.6,307.4,318.5,3729.5,0.1,302,0,43,0.6,4.3,-0.6,-0.3,-0.6,0.5,0.1,-0.9
"57","≥ 500k","≥ 2 weekly","case","1",869.4,1944.9,0.5,1.5,0.3,623,0,207,-2.6,10.1,-0.9,-0.7,-1,0.8,0.9,-0.9
"58","< 50k","≥ .25 per 10K","rate","1",105.5,266.2,226.9,3145.6,0.1,425,0,43,-1.4,9.6,-0.8,-0.6,-0.8,0.5,0.8,-0.9
"59","< 50k","≥ 1 per 10K","rate","3",121.7,289.6,279.2,3490.2,0.1,345,0,43,0.2,4.6,-0.7,-0.4,-0.7,0.5,0.3,-1
"60","[50k, 500k)","≥ 2 weekly","case","1",172.8,429.8,1.1,2.7,0.1,1980,0,278,0,6.5,-0.8,-0.8,-0.9,0.7,0.8,-1
"61","[50k, 500k)","≥ 5 total","cum case","1",132.2,360.3,0.8,2.3,0.1,3230,0,278,-3.4,9.1,-1.2,-1.1,-1.2,0.7,1.8,-1
"62","< 50k","≥ 2 weekly","case","1",127.2,303.7,286.4,3556.7,0.1,332,0,43,0.8,2.6,-0.6,-0.4,-0.7,0.5,0.1,-1.1
"63","< 50k","3-week","trend","6",112.7,271.2,237.5,3076.6,0.1,460,0,43,-0.3,4.8,-0.8,-0.5,-0.7,0.5,0.4,-1.1
"64","< 50k","≥ 500 total","cum case","6",409.2,513.4,37.3,78.3,0.4,10,0.8,43,3.8,3.6,1.6,-1.2,1.1,-1.9,-1,-1.4
"65","≥ 500k","1-week","trend","2",584.5,1645,0.4,1.3,0.2,1274,0,207,-6.3,9.2,-1.4,-0.9,-1.6,0.8,1.7,-1.4
"66","[50k, 500k)","3-week","trend","6",168.4,421.5,1.1,2.5,0.1,2311,0,278,1.3,3.8,-0.9,-0.8,-0.9,0.7,0.4,-1.5
"67","[50k, 500k)","1-week","trend","2",104.3,321.8,0.6,2,0.1,5213,0,278,-4.4,11.4,-1.5,-1.3,-1.5,0.7,2.1,-1.5
"68","≥ 500k","3-week","trend","6",869.4,1941.8,0.5,1.4,0.3,756,0,207,0.2,5.1,-0.9,-0.8,-1,0.8,0.4,-1.5
"69","[50k, 500k)","2-week","trend","4",134.7,362.4,0.8,2.2,0.1,3547,0,278,-1.3,5.2,-1.2,-1.1,-1.2,0.7,1.2,-1.6
"70","≥ 500k","2-week","trend","4",714,1790.8,0.4,1.3,0.3,977,0,207,-2.6,6.5,-1.2,-0.9,-1.3,0.8,0.9,-1.7
"71","< 50k","≥ 250 weekly","case","7",222.5,314.7,6.6,9.4,0.5,2,1,43,2,8.5,0.1,-1.3,1.7,-2.4,-0.4,-2.3
"72","[50k, 500k)","≥ 250 weekly","case","7",235,302.9,1,1.2,0.3,16,1,278,7.9,3.8,-0.2,-0.8,0.6,-2,-1.6,-4
