country,alert_lab,alert_type,alert_stringency,impact_mean,eff_mean,ppv,missed_prop,delay_mean,std_impact,std_eff,std_ppv,std_missed,std_delay,util_score
GIN,1-week,trend,2,104.9,0.4,0.1,0,-2.5,2,2.2,3.4,0.7,2.9,11.2
GIN,2-week,trend,4,99,0.4,0.1,0,-0.3,1.7,1.7,2.4,0.7,1.8,8.3
TZA,≥ 50 weekly,case,5,393.9,1.4,0.6,0.6,4,3.2,2.9,2.8,-0.5,-0.6,7.8
GNB,≥ .5 per 10K,rate,2,1151.5,4.7,1,0,0.5,2.1,2.4,2,0.5,0.4,7.4
MWI,≥ 50 weekly,case,5,537.3,1.6,0.7,0.2,3,2.2,2,2.6,-0,-0.1,6.7
BDI,≥ 1.5 per 10K,rate,4,206.5,1.1,0.3,0,4.5,1.7,2,2.2,0.8,-0.5,6.2
CMR,≥ 1000 total,cum case,7,733,3.9,1,1,14,3.9,2.3,4.2,-2.1,-2.2,6.1
KEN,≥ 50 weekly,case,5,762.4,2.3,1,0,3,1.9,1.9,1.8,0.5,-0.5,5.6
SLE,≥ 5 total,cum case,1,325.6,2.5,0.5,0,-4.1,1.4,1.3,0.5,0.7,1.7,5.6
KEN,≥ 1.5 per 10K,rate,4,762.4,2.3,1,0,3,1.9,1.9,1.8,0.5,-0.5,5.6
BDI,≥ 1 per 10K,rate,3,201.9,1.1,0.2,0,4,1.6,2,1.4,0.8,-0.5,5.3
GHA,≥ 5 total,cum case,1,183.9,0.6,0.3,0,-5.5,0.7,0.9,0.9,0.8,1.6,4.9
SSD,≥ 25 weekly,case,4,631.9,2.8,0.5,0,2.2,2,1.2,1.2,0.6,-0.2,4.8
NGA,≥ 1000 total,cum case,7,724.8,1.7,0.6,0.9,5,2.5,1.6,3.3,-1.8,-0.8,4.8
GHA,≥ 2 weekly,case,1,238.5,0.7,0.2,0,0.5,1.7,1.6,0.7,0.8,-0.2,4.6
SSD,≥ 100 total,cum case,5,559.3,2.6,0.5,0,1.5,1.3,0.9,1.8,0.6,-0,4.6
MOZ,3-week,trend,6,579.7,2.9,1,0,-0.5,1.4,1.6,0.8,0.7,-0,4.5
GHA,≥ 10 total,cum case,2,178,0.5,0.3,0,-4.5,0.6,0.7,1.1,0.8,1.3,4.5
BDI,≥ .5 per 10K,rate,2,172.9,0.9,0.2,0,-0.5,1,1,1.4,0.8,0.1,4.3
ETH,≥ 7.5 per 10K,rate,7,485.6,5.1,0.2,0.7,4.8,2,2.8,1.5,-1.4,-0.7,4.2
UGA,≥ 10 total,cum case,2,49.6,0.3,0,0,1.7,0.1,-0.2,2.6,0.7,0.9,4.1
MOZ,≥ 100 total,cum case,5,575.3,2.8,1,0,0,1.4,1.4,0.8,0.7,-0.2,4.1
SLE,≥ 100 total,cum case,5,346.8,2.2,0.5,0.1,1.2,1.9,0.7,0.9,0.4,0.1,4
TCD,≥ 100 total,cum case,5,773,6.2,0.6,0,1.5,1.4,0.9,1.4,0.6,-0.3,4
MWI,≥ 2.5 per 10K,rate,5,411,1.5,0.5,0.5,3,1.4,1.8,1.7,-0.8,-0.1,4
UGA,≥ 50 total,cum case,4,69.7,0.5,0,0,2.7,2.2,1.1,-0.5,0.7,0.4,3.9000000000000004
BDI,≥ 100 total,cum case,5,199.2,0.9,0.2,0,3.5,1.6,1.3,0.6,0.8,-0.4,3.9000000000000004
MOZ,≥ 5 weekly,case,2,559,2.8,1,0,0,1.2,1.4,0.8,0.7,-0.2,3.9
SSD,≥ 25 total,cum case,3,548,2.6,0.4,0,-1.2,1.2,0.9,0.6,0.6,0.6,3.9
NER,≥ 100 weekly,case,6,1108.8,3.6,1,0.8,7,2.6,1.9,1.8,-1.6,-0.9,3.8
UGA,≥ 5 total,cum case,1,52.2,0.3,0,0,1,0.4,-0.3,1.8,0.7,1.2,3.8
COD,≥ 7.5 per 10K,rate,7,487.2,6.1,0.6,0.9,5.4,2,2.9,1.2,-1.5,-0.8,3.8
MWI,≥ 25 weekly,case,4,368.7,1.1,0.4,0,3.5,1.1,0.9,1.1,0.7,-0.2,3.6
TCD,≥ 25 weekly,case,4,757.9,6.1,0.6,0,2.2,1.3,0.8,1.3,0.6,-0.4,3.6
KEN,≥ 100 weekly,case,6,653.4,2,1,0,5,1.5,1.5,1.8,0.5,-1.9,3.4000000000000004
KEN,≥ 2.5 per 10K,rate,5,653.4,2,1,0,5,1.5,1.5,1.8,0.5,-1.9,3.4000000000000004
MOZ,≥ 10 weekly,case,3,540,2.7,1,0,0.5,1,1.2,0.8,0.7,-0.3,3.4
MOZ,≥ .5 per 10K,rate,2,540,2.7,1,0,0.5,1,1.2,0.8,0.7,-0.3,3.4
ETH,≥ 100 weekly,case,6,515.1,3.3,0.2,0.6,4.6,2.2,1.3,1.5,-1.2,-0.6,3.2
GNB,≥ 5 total,cum case,1,711.8,2.9,0.5,0,-3,0.5,0.7,0.2,0.5,1.3,3.2
SLE,1-week,trend,2,284.4,2.1,0.4,0,-4.3,0.3,0.4,-0.1,0.7,1.8,3.1
ETH,≥ 50 weekly,case,5,386,2.8,0.2,0.2,4.8,1.2,0.9,1.5,0.1,-0.6,3.1
SSD,≥ 5 total,cum case,1,420.6,2.3,0.4,0,-8.2,-0.1,0.3,0.1,0.6,2.2,3.1
GNB,≥ 10 total,cum case,2,700,2.9,0.5,0,-2.5,0.5,0.7,0.2,0.5,1.2,3.1
SLE,≥ 10 total,cum case,2,286.7,2.1,0.4,0,-3.9,0.4,0.4,-0.1,0.7,1.7,3.1
SSD,≥ 10 total,cum case,2,410.6,2.3,0.4,0,-7.6,-0.2,0.4,0.3,0.6,2,3.1
GHA,≥ 25 total,cum case,3,183,0.5,0.3,0,0.5,0.7,0.8,1,0.8,-0.2,3.1
TCD,≥ 7.5 per 10K,rate,7,773.9,8.9,0.6,0.7,3,1.4,2.7,0.9,-1.3,-0.6,3.1
GIN,≥ 100 total,cum case,5,92.9,0.4,0,0,3.5,1.5,1.4,-0.3,0.7,-0.2,3.0999999999999996
GNB,2-week,trend,4,698.2,2.8,0.5,0,-2.5,0.5,0.6,0.2,0.5,1.2,3
COD,≥ 500 total,cum case,6,514.6,5,0.6,0.9,5.8,2.3,2.1,1.1,-1.7,-0.8,3
NER,≥ 500 total,cum case,6,869,3.6,1,0.8,7,1.7,2,1.8,-1.6,-0.9,3
SOM,≥ 500 total,cum case,6,659.4,3.6,0.6,0.8,6.7,3,2.1,1.5,-1.5,-2.1,3
SLE,≥ 1.5 per 10K,rate,4,306.9,2.5,0.5,0.1,2.1,0.9,1.3,0.6,0.4,-0.2,3
TCD,≥ 2.5 per 10K,rate,5,757.3,6.7,0.6,0.1,3.1,1.3,1.2,0.9,0.2,-0.6,3
NER,≥ 5 per 10K,rate,6,869,3.6,1,0.8,7,1.7,2,1.8,-1.6,-0.9,3
SOM,≥ 25 total,cum case,3,368.1,2.1,0.4,0,-1.2,0.4,0.4,0.2,0.8,1.1,2.9000000000000004
SOM,≥ 100 total,cum case,5,416,2.3,0.4,0.1,-0.2,0.8,0.6,0.5,0.4,0.6,2.9
UGA,≥ 100 total,cum case,5,63.6,0.5,0,0,3.7,1.6,1.2,-0.5,0.7,-0.1,2.9
GHA,≥ .25 per 10K,rate,1,191.1,0.5,0.3,0,2,0.9,0.8,1,0.8,-0.7,2.8000000000000003
ETH,≥ 5 per 10K,rate,6,394.9,4.3,0.2,0.6,4.8,1.3,2.1,1.2,-1.2,-0.6,2.8000000000000003
NGA,≥ 100 weekly,case,6,600.7,1.6,0.3,0.5,5.2,1.8,1.4,1.4,-0.9,-0.9,2.8
GNB,≥ 50 total,cum case,4,757.7,2.7,0.7,0,1,0.7,0.5,0.8,0.5,0.3,2.8
SSD,≥ 50 total,cum case,4,525.7,2.3,0.4,0,-0.3,0.9,0.3,0.6,0.6,0.4,2.8
NGA,≥ 500 total,cum case,6,562.1,1.6,0.4,0.7,4.8,1.6,1.3,1.9,-1.3,-0.7,2.8
MOZ,≥ 1 per 10K,rate,3,513.3,2.5,1,0,1,0.8,0.9,0.8,0.7,-0.4,2.8
TCD,≥ 1.5 per 10K,rate,4,708.2,5.9,0.6,0,3.1,1,0.8,1,0.6,-0.6,2.8
TZA,≥ 2.5 per 10K,rate,5,223.2,1,0.4,0.8,4.3,0.9,1.6,1.9,-0.9,-0.7,2.8
CMR,≥ 1 per 10K,rate,3,368.1,3.3,0.4,0.1,3.7,0.6,1.3,0.3,0.5,-0,2.7
CMR,≥ .5 per 10K,rate,2,347.7,3.2,0.4,0,2.8,0.4,1.2,0.2,0.6,0.2,2.6
NGA,≥ 5 per 10K,rate,6,626.1,2.3,0.3,0.8,6,2,2.6,0.9,-1.7,-1.2,2.6
SSD,1-week,trend,2,476.3,2.3,0.4,0,-4.3,0.4,0.2,-0,0.6,1.3,2.5
GHA,3-week,trend,6,140.8,0.4,0.2,0,-4,0,-0,0.6,0.8,1.1,2.5
MWI,≥ 2 weekly,case,1,303.4,0.8,0.2,0,-1,0.6,0.4,-0,0.7,0.8,2.5
GHA,≥ 10 weekly,case,3,187.1,0.5,0.3,0,2.5,0.8,0.7,1,0.8,-0.8,2.5
ETH,≥ 500 total,cum case,6,443.7,2.6,0.3,0.6,4.5,1.7,0.7,1.8,-1.2,-0.5,2.5
GHA,2-week,trend,4,134.7,0.4,0.2,0,-5,-0.1,-0.2,0.5,0.8,1.4,2.4
GNB,3-week,trend,6,666.5,2.6,0.5,0,-1.5,0.4,0.4,0.2,0.5,0.9,2.4
SSD,3-week,trend,6,559.4,2.1,0.4,0,-0.9,1.3,0,-0,0.6,0.5,2.4
GIN,≥ 5 total,cum case,1,72.1,0.3,0,0,1.5,0.6,0.5,-0.3,0.7,0.9,2.4
SOM,≥ 5 total,cum case,1,331.7,1.9,0.4,0,-1.5,0.1,0.1,0.2,0.8,1.2,2.4
SOM,≥ 10 total,cum case,2,336.8,2,0.4,0,-1.5,0.1,0.2,0.1,0.8,1.2,2.4
SOM,≥ 50 total,cum case,4,360.9,2,0.4,0,-0.8,0.3,0.2,0.2,0.8,0.9,2.4
SSD,2-week,trend,4,482.7,2.2,0.4,0,-2.8,0.5,0.2,0.1,0.6,0.9,2.3
SLE,≥ 25 total,cum case,3,285,2.2,0.4,0,-0.8,0.3,0.7,-0.1,0.7,0.7,2.3
GNB,≥ 100 total,cum case,5,890.5,2.8,0.5,0,3,1.2,0.6,0.2,0.5,-0.2,2.3
GNB,≥ 2 weekly,case,1,654.2,2.5,0.5,0,-1,0.3,0.4,0.2,0.5,0.8,2.2
BDI,≥ 50 total,cum case,4,156.8,0.7,0.1,0,-1,0.7,0.3,0.2,0.8,0.2,2.2
MWI,≥ 100 total,cum case,5,286.3,0.9,0.3,0,2.8,0.5,0.5,0.5,0.7,-0,2.2
KEN,≥ 1 per 10K,rate,3,517.9,1.6,0.5,0,3,0.9,0.9,0.4,0.5,-0.5,2.2
MWI,≥ 1.5 per 10K,rate,4,351.7,1.2,0.3,0.2,5.3,1,1.1,0.7,-0,-0.6,2.2
NER,≥ 7.5 per 10K,rate,7,797,3.3,1,0.8,8,1.4,1.7,1.8,-1.6,-1.1,2.1999999999999997
SSD,≥ 2 weekly,case,1,474.2,2.2,0.3,0,-4,0.4,0.2,-0.3,0.6,1.2,2.1
MWI,≥ 5 weekly,case,2,273.9,0.8,0.2,0,-0.2,0.4,0.3,-0,0.7,0.7,2.1
GNB,≥ 25 total,cum case,3,641,2.5,0.5,0,-0.5,0.3,0.4,0.2,0.5,0.7,2.1
GNB,1-week,trend,2,575.2,2.3,0.4,0,-3.5,0.1,0.2,-0.2,0.5,1.4,2
UGA,≥ 25 total,cum case,3,56.7,0.4,0,0,2.3,0.9,0.3,-0.5,0.7,0.6,2
TZA,≥ 1.5 per 10K,rate,4,232.9,0.9,0.4,0.5,6.7,1.1,1.2,1.4,-0.4,-1.3,2
SOM,1-week,trend,2,309.4,1.7,0.4,0,-1.5,-0.1,-0.1,0.1,0.8,1.2,1.9
GIN,3-week,trend,6,75.2,0.3,0,0,2.7,0.7,0.5,-0.3,0.7,0.3,1.9
GIN,≥ 10 total,cum case,2,70.6,0.3,0,0,1.8,0.5,0.3,-0.3,0.7,0.7,1.9
COD,≥ 1000 total,cum case,7,411.5,2.3,1,1,4,1.4,0.1,2.6,-1.8,-0.4,1.9
SLE,≥ 7.5 per 10K,rate,7,294,2.6,0.7,0.9,6,0.6,1.6,2.7,-1.7,-1.4,1.8000000000000003
TZA,≥ 100 total,cum case,5,216.6,0.8,0.2,0.1,4.5,0.9,0.6,0.5,0.6,-0.8,1.7999999999999998
BDI,≥ 10 weekly,case,3,135.2,0.6,0.2,0,-0.5,0.2,0.1,0.5,0.8,0.1,1.7000000000000002
UGA,2-week,trend,4,39.1,0.2,0,0,1.7,-0.9,-0.8,1.8,0.7,0.9,1.7
MWI,≥ 10 weekly,case,3,283.3,0.8,0.2,0,2,0.5,0.3,0.1,0.7,0.1,1.7
TZA,≥ 25 weekly,case,4,214.4,0.7,0.3,0.1,5.5,0.8,0.6,0.7,0.6,-1,1.7
GHA,≥ 50 total,cum case,4,158.5,0.5,0.2,0,1,0.3,0.3,0.7,0.8,-0.4,1.7
MWI,≥ 1 per 10K,rate,3,286,0.9,0.3,0.2,3,0.5,0.6,0.7,-0,-0.1,1.7
GHA,≥ 5 weekly,case,2,178.2,0.5,0.2,0,1.5,0.6,0.6,0.1,0.8,-0.5,1.6
MWI,≥ 10 total,cum case,2,221.2,0.6,0.2,0,-2,0.1,-0.1,-0.2,0.7,1.1,1.6
TCD,≥ 50 total,cum case,4,613.4,4.8,0.5,0,-1.5,0.3,0.1,0.1,0.6,0.5,1.6
BDI,≥ .25 per 10K,rate,1,128.5,0.6,0.1,0,-3,0.1,0,0.2,0.8,0.5,1.6
COD,≥ 5 per 10K,rate,6,387.2,4.6,0.5,0.8,6.2,1.2,1.8,0.7,-1.2,-0.9,1.6
TCD,≥ 10 weekly,case,3,613.8,4.8,0.5,0,-0.5,0.3,0.1,0.3,0.6,0.3,1.5999999999999999
ETH,≥ 100 total,cum case,5,258.9,1.7,0.2,0,3,0.3,0,0.7,0.6,0,1.5999999999999999
GHA,1-week,trend,2,113.9,0.3,0.2,0,-6,-0.5,-0.5,-0,0.8,1.7,1.5
CMR,≥ 10 weekly,case,3,333.7,2.7,0.3,0,3.4,0.3,0.4,0,0.7,0.1,1.5
MOZ,≥ 50 total,cum case,4,474,2.3,0.8,0,-1,0.4,0.5,-0.2,0.7,0.1,1.5
MWI,≥ 500 total,cum case,6,357.5,1.3,0.5,0.8,7,1,1.4,1.7,-1.6,-1,1.4999999999999998
GNB,≥ 5 weekly,case,2,575.8,2.3,0.5,0,0.5,0.1,0.2,0.2,0.5,0.4,1.4000000000000001
ETH,≥ 25 weekly,case,4,277.1,1.8,0.2,0,4.3,0.4,0.1,0.8,0.6,-0.5,1.4000000000000001
GNB,≥ .25 per 10K,rate,1,575.8,2.3,0.5,0,0.5,0.1,0.2,0.2,0.5,0.4,1.4000000000000001
SSD,≥ 10 weekly,case,3,521.1,2.1,0.3,0,0.8,0.9,0,-0.2,0.6,0.1,1.4
CMR,≥ .25 per 10K,rate,1,300.9,2.7,0.3,0,1.1,-0,0.4,-0.2,0.7,0.5,1.4
GNB,≥ 1 per 10K,rate,3,689,2.7,0.5,0,3.5,0.5,0.5,0.2,0.5,-0.3,1.4
BDI,≥ 5 weekly,case,2,123.5,0.6,0.1,0,-3,-0,-0.1,0.1,0.8,0.5,1.3
NGA,≥ 50 weekly,case,5,402.6,1.3,0.2,0.4,4.4,0.7,0.9,0.5,-0.3,-0.5,1.3
GIN,≥ 50 total,cum case,4,65.2,0.3,0,0,2.7,0.3,0.3,-0.3,0.7,0.3,1.2999999999999998
SLE,2-week,trend,4,272,2,0.4,0,-1.3,0,0.2,-0.6,0.7,0.9,1.2
SLE,≥ 25 weekly,case,4,300.1,1.9,0.5,0.2,2.4,0.7,-0.2,0.9,0.1,-0.3,1.2
NER,≥ 250 weekly,case,7,696,2.9,1,0.8,9,1,1.3,1.8,-1.6,-1.3,1.2
CMR,≥ 50 total,cum case,4,325.8,2.6,0.3,0,3,0.2,0.3,-0.1,0.7,0.1,1.2
CMR,≥ 1.5 per 10K,rate,4,334.3,3,0.3,0.1,5.2,0.3,0.9,-0,0.3,-0.3,1.2
MWI,1-week,trend,2,112.6,0.4,0.1,0,-7.5,-0.7,-0.6,-0.7,0.7,2.4,1.1
SOM,2-week,trend,4,316.1,1.6,0.3,0,0.1,-0.1,-0.2,-0,0.8,0.6,1.1
GIN,≥ 25 total,cum case,3,61.3,0.2,0,0,2.5,0.1,0.2,-0.3,0.7,0.4,1.1
GHA,≥ .5 per 10K,rate,2,172.7,0.5,0.2,0,2.5,0.5,0.5,0.1,0.8,-0.8,1.1
CMR,≥ 2.5 per 10K,rate,5,336.6,3.1,0.4,0.2,6.4,0.3,1.1,0.3,0,-0.6,1.1
CMR,≥ 5 weekly,case,2,299.6,2.6,0.3,0,2.4,-0,0.2,-0.2,0.7,0.3,1
MWI,≥ 5 total,cum case,1,183.7,0.5,0.1,0,-2.8,-0.2,-0.3,-0.5,0.7,1.3,1
MWI,≥ 25 total,cum case,3,211.7,0.6,0.1,0,-0.2,-0,-0.1,-0.3,0.7,0.7,0.9999999999999999
SLE,≥ 50 total,cum case,4,268.7,2.1,0.4,0,-0.1,-0.1,0.3,-0.4,0.7,0.5,0.9999999999999999
UGA,1-week,trend,2,37.3,0.2,0,0,0.7,-1.1,-1.1,1.1,0.7,1.4,0.9999999999999998
GNB,≥ 10 weekly,case,3,685.7,2.3,0.3,0,2,0.5,0.2,-0.4,0.5,0.1,0.9
NER,≥ 100 total,cum case,5,464.7,1.7,0.3,0,2.5,0.2,0.2,-0.2,0.6,0.1,0.9
TCD,≥ 1 per 10K,rate,3,596.4,4.9,0.5,0,1.6,0.2,0.1,0.3,0.6,-0.3,0.9
GNB,≥ 25 weekly,case,4,733,2.1,0.5,0,4,0.6,-0,0.2,0.5,-0.4,0.8999999999999999
UGA,≥ 25 weekly,case,4,56.5,0.4,0,0,4.3,0.8,0.2,-0.5,0.7,-0.4,0.8
TCD,≥ 25 total,cum case,3,553.1,4.5,0.4,0,-2.7,-0.1,-0.2,-0.3,0.6,0.8,0.8
TZA,≥ .5 per 10K,rate,2,170.4,0.6,0.2,0,3.7,0.2,0.3,0.1,0.8,-0.6,0.8
CMR,3-week,trend,6,269.1,2.4,0.3,0,0.3,-0.3,-0.1,-0.2,0.7,0.7,0.7999999999999999
SSD,≥ .25 per 10K,rate,1,462.9,2.2,0.3,0,0.8,0.3,0.2,-0.4,0.6,0.1,0.7999999999999999
ETH,≥ 2.5 per 10K,rate,5,303.2,2.7,0.2,0.4,4.5,0.6,0.8,0.4,-0.5,-0.6,0.7000000000000001
SSD,≥ 5 weekly,case,2,468.2,2,0.3,0,0.5,0.4,-0.3,-0.2,0.6,0.2,0.7
MWI,≥ .25 per 10K,rate,1,218,0.6,0.2,0,1.8,0,-0,-0.2,0.7,0.2,0.7
MWI,2-week,trend,4,169.9,0.5,0.1,0,-2.2,-0.3,-0.4,-0.5,0.7,1.1,0.6000000000000001
MWI,3-week,trend,6,191.8,0.5,0.1,0,-1,-0.1,-0.3,-0.5,0.7,0.8,0.6
UGA,3-week,trend,6,50.2,0.3,0,0,2.7,0.2,-0.2,-0.5,0.7,0.4,0.6
CMR,≥ 2 weekly,case,1,263.7,2.3,0.3,0,-0.6,-0.3,-0.3,-0.4,0.7,0.9,0.6
CMR,≥ 25 weekly,case,4,324.8,2.5,0.4,0.1,5.6,0.2,0.1,0.2,0.5,-0.4,0.6
BDI,≥ 25 total,cum case,3,118.3,0.5,0.1,0,-4,-0.1,-0.3,-0.4,0.8,0.6,0.6
CMR,≥ 25 total,cum case,3,280,2.4,0.3,0,1.3,-0.2,-0.1,-0.3,0.7,0.5,0.6
TZA,3-week,trend,6,134.9,0.5,0.1,0,0.8,-0.2,-0.2,-0.1,0.8,0.2,0.5
KEN,≥ 25 weekly,case,4,379.2,1.1,0.3,0,3,0.3,0.3,-0.1,0.5,-0.5,0.5
COD,≥ 250 weekly,case,7,324.5,1.8,1,1,5,0.6,-0.3,2.6,-1.8,-0.6,0.5
TCD,≥ 10 total,cum case,2,490,3.8,0.3,0,-6.5,-0.5,-0.6,-0.8,0.6,1.8,0.5
TZA,≥ 1 per 10K,rate,3,188.1,0.7,0.2,0.2,5.3,0.5,0.6,0.2,0.2,-1,0.5
TCD,≥ 5 weekly,case,2,549.4,4.4,0.4,0,-0.8,-0.1,-0.2,-0.1,0.6,0.3,0.49999999999999994
CMR,≥ 10 total,cum case,2,252.1,2.1,0.3,0,-2.2,-0.5,-0.5,-0.4,0.7,1.2,0.4999999999999999
TCD,≥ 5 total,cum case,1,481.4,3.8,0.3,0,-6.7,-0.6,-0.6,-0.8,0.6,1.8,0.4
KEN,≥ 100 total,cum case,5,264.1,0.8,0.4,0,2,-0.2,-0.2,0.1,0.5,0.2,0.4
GIN,≥ 5 weekly,case,2,60.4,0.2,0,0,3.5,0.1,0.1,-0.3,0.7,-0.2,0.39999999999999997
MOZ,≥ 25 weekly,case,4,410.5,1.7,1,0,1,-0.2,-0.5,0.8,0.7,-0.4,0.39999999999999997
MOZ,≥ 1.5 per 10K,rate,4,410.5,1.7,1,0,1,-0.2,-0.5,0.8,0.7,-0.4,0.39999999999999997
TZA,≥ 5 total,cum case,1,86.5,0.3,0.1,0,-5.9,-0.9,-0.8,-0.6,0.8,1.9,0.3999999999999999
TCD,≥ .5 per 10K,rate,2,541.6,4.4,0.4,0,-0.5,-0.2,-0.2,-0.1,0.6,0.3,0.3999999999999999
ETH,≥ 25 total,cum case,3,144,1,0.1,0,0.3,-0.5,-0.6,-0.3,0.6,1.1,0.3000000000000001
SOM,≥ 10 weekly,case,3,322.5,1.2,0.3,0,0.7,-0,-0.6,-0.2,0.8,0.3,0.30000000000000004
TZA,≥ 10 weekly,case,3,153.8,0.6,0.1,0,2.9,0,-0,-0.1,0.8,-0.4,0.30000000000000004
CMR,≥ 100 total,cum case,5,301.9,2.4,0.3,0.1,5,-0,-0,0.1,0.5,-0.3,0.30000000000000004
ETH,≥ 50 total,cum case,4,177.2,1.2,0.1,0,2,-0.3,-0.4,0,0.6,0.4,0.3
NGA,≥ 100 total,cum case,5,226.7,0.8,0.2,0,2.9,-0.2,-0.2,-0.1,0.7,0.1,0.29999999999999993
UGA,≥ 1 per 10K,rate,3,49.4,0.4,0,0,4.3,0.1,0.4,-0.5,0.7,-0.4,0.29999999999999993
NGA,≥ 2.5 per 10K,rate,5,363.2,1.3,0.2,0.5,5,0.5,0.8,0.4,-0.7,-0.8,0.20000000000000007
NGA,≥ 25 weekly,case,4,290.4,1,0.2,0.1,4.6,0.1,0.1,0.1,0.5,-0.6,0.20000000000000004
TCD,≥ .25 per 10K,rate,1,527.2,4.3,0.4,0,-0.9,-0.3,-0.3,-0.2,0.6,0.4,0.2
NER,≥ 25 weekly,case,4,379.2,1.2,0.4,0,3,-0.1,-0.3,-0,0.6,-0,0.19999999999999998
TZA,≥ .25 per 10K,rate,1,142.3,0.5,0.1,0,2.7,-0.1,-0.1,-0.2,0.8,-0.3,0.10000000000000003
TZA,1-week,trend,2,78.6,0.3,0,0,-6.7,-1,-0.9,-0.8,0.8,2,0.09999999999999998
TCD,≥ 50 weekly,case,5,596.5,4.7,0.5,0.1,4.1,0.2,-0,0.6,0.2,-0.9,0.09999999999999998
MWI,≥ 50 total,cum case,4,171.6,0.5,0.2,0,2,-0.3,-0.3,-0.1,0.7,0.1,0.09999999999999998
NGA,≥ 50 total,cum case,4,186,0.7,0.1,0,1.7,-0.4,-0.5,-0.5,0.8,0.7,0.09999999999999998
GIN,≥ .25 per 10K,rate,1,56,0.2,0,0,3.5,-0.1,0,-0.3,0.7,-0.2,0.09999999999999995
TZA,2-week,trend,4,95.1,0.4,0.1,0,-3.6,-0.8,-0.7,-0.6,0.8,1.3,1.1102230246251565e-16
TZA,≥ 10 total,cum case,2,93.2,0.4,0.1,0,-3.8,-0.8,-0.7,-0.6,0.8,1.3,1.1102230246251565e-16
TZA,≥ 2 weekly,case,1,122.1,0.5,0.1,0,0.8,-0.4,-0.3,-0.3,0.8,0.2,5.551115123125783e-17
TZA,≥ 50 total,cum case,4,148.1,0.5,0.1,0,2.7,-0.1,-0.1,-0.3,0.8,-0.3,5.551115123125783e-17
ETH,≥ 1.5 per 10K,rate,4,228.3,1.9,0.1,0.1,4.4,0.1,0.1,-0.1,0.4,-0.5,2.7755575615628914e-17
COD,1-week,trend,2,91.2,0.7,0.1,0,-7.9,-1.3,-1.1,-1,0.7,2.7,0
TCD,2-week,trend,4,504.4,4,0.4,0,-2.7,-0.4,-0.5,-0.5,0.6,0.8,0
COD,≥ 50 weekly,case,5,332.4,2.7,0.4,0.5,6.4,0.7,0.4,0.4,-0.5,-1,0
TZA,≥ 25 total,cum case,3,119.2,0.4,0.1,0,-0.1,-0.4,-0.4,-0.4,0.8,0.4,0
SOM,≥ 100 weekly,case,6,534.6,2.2,0.4,0.6,5.5,1.9,0.5,0.2,-0.9,-1.7,-5.551115123125783e-17
COD,≥ 2.5 per 10K,rate,5,290.4,2.9,0.3,0.4,5.8,0.4,0.6,-0,-0.2,-0.8,-5.551115123125783e-17
SOM,≥ 2 weekly,case,1,288.4,1.2,0.3,0,0.5,-0.3,-0.7,-0.3,0.8,0.4,-0.09999999999999987
ETH,≥ 10 total,cum case,2,118.2,0.8,0.1,0,-0.4,-0.7,-0.8,-0.5,0.6,1.3,-0.09999999999999998
GIN,≥ 2 weekly,case,1,55.3,0.2,0,0,3.3,-0.1,-0.3,-0.3,0.7,-0.1,-0.10000000000000003
GIN,≥ 10 weekly,case,3,56,0.2,0,0,3.8,-0.1,-0.1,-0.3,0.7,-0.3,-0.10000000000000003
SLE,≥ .5 per 10K,rate,2,256.6,2.1,0.4,0,1.4,-0.4,0.2,-0.6,0.7,0,-0.10000000000000003
SOM,≥ 5 weekly,case,2,296.9,1.1,0.3,0,0.6,-0.3,-0.7,-0.3,0.8,0.3,-0.1999999999999999
SOM,≥ .25 per 10K,rate,1,285.6,1.2,0.3,0,0.5,-0.4,-0.7,-0.3,0.8,0.4,-0.1999999999999999
NGA,1-week,trend,2,99,0.4,0.1,0,-0.7,-0.9,-1,-0.9,0.8,1.8,-0.19999999999999996
NGA,2-week,trend,4,135.4,0.5,0.1,0,0.5,-0.7,-0.8,-0.8,0.8,1.3,-0.19999999999999996
TZA,≥ 5 weekly,case,2,138,0.5,0.1,0,2.6,-0.2,-0.2,-0.3,0.8,-0.3,-0.19999999999999996
NGA,≥ 5 total,cum case,1,106.6,0.4,0.1,0,-0.4,-0.9,-0.9,-0.8,0.8,1.6,-0.19999999999999996
ETH,≥ 10 weekly,case,3,179.9,1.2,0.1,0,3.4,-0.3,-0.4,0,0.6,-0.1,-0.20000000000000004
COD,≥ 50 total,cum case,4,215.9,1.6,0.3,0,2.2,-0.3,-0.4,-0.3,0.7,0.1,-0.20000000000000004
GIN,≥ .5 per 10K,rate,2,53.4,0.2,0,0,3.8,-0.2,-0.1,-0.3,0.7,-0.3,-0.20000000000000004
NER,≥ .5 per 10K,rate,2,343.9,1.3,0.3,0,2.7,-0.3,-0.2,-0.4,0.6,0.1,-0.20000000000000004
BDI,1-week,trend,2,65.8,0.3,0,0,-17.5,-1.3,-1.2,-0.9,0.8,2.4,-0.20000000000000007
MOZ,2-week,trend,4,403.6,2,0.6,0,-1.5,-0.3,0,-0.8,0.7,0.2,-0.20000000000000007
CMR,≥ 5 total,cum case,1,210.3,1.8,0.2,0,-4.3,-0.8,-1.1,-0.7,0.7,1.7,-0.20000000000000018
KEN,2-week,trend,4,163.7,0.5,0.2,0,1,-0.6,-0.6,-0.5,0.5,0.9,-0.29999999999999993
NGA,≥ 2 weekly,case,1,166.4,0.6,0.1,0,1.8,-0.6,-0.6,-0.6,0.8,0.7,-0.29999999999999993
ETH,≥ 5 weekly,case,2,142.7,1,0.1,0,1.9,-0.5,-0.6,-0.3,0.6,0.5,-0.3
NER,≥ 50 total,cum case,4,324.2,1.2,0.2,0,1.5,-0.3,-0.3,-0.6,0.6,0.3,-0.3
KEN,1-week,trend,2,98.3,0.3,0.1,0,0,-0.8,-0.8,-0.8,0.5,1.6,-0.30000000000000004
NER,≥ 5 total,cum case,1,162.6,0.5,0.1,0,-5.3,-1,-0.9,-0.8,0.6,1.8,-0.30000000000000004
ETH,≥ 1 per 10K,rate,3,199.5,1.6,0.1,0,4,-0.1,-0.1,-0.3,0.6,-0.4,-0.30000000000000004
NER,1-week,trend,2,139.6,0.5,0.1,0,-5.5,-1,-1,-0.8,0.6,1.9,-0.30000000000000016
COD,≥ 5 total,cum case,1,123.3,1,0.1,0,-4.4,-1.1,-0.9,-0.8,0.7,1.8,-0.30000000000000016
NGA,≥ 10 total,cum case,2,118.7,0.5,0.1,0,0.1,-0.8,-0.9,-0.8,0.8,1.4,-0.30000000000000016
COD,≥ 25 weekly,case,4,258.9,2,0.3,0.1,5.3,0.1,-0.1,-0.1,0.4,-0.7,-0.3999999999999999
MOZ,≥ 5 total,cum case,1,266.8,1.2,0.3,0,-16,-1.6,-1.3,-1.9,0.7,3.7,-0.3999999999999999
NGA,≥ 25 total,cum case,3,135.1,0.5,0.1,0,1.1,-0.7,-0.8,-0.7,0.8,1,-0.3999999999999999
KEN,≥ 50 total,cum case,4,164,0.5,0.1,0,1,-0.6,-0.6,-0.6,0.5,0.9,-0.3999999999999999
NER,≥ .25 per 10K,rate,1,327.6,1.2,0.2,0,2.2,-0.3,-0.3,-0.6,0.6,0.2,-0.39999999999999997
NGA,≥ 1.5 per 10K,rate,4,272.3,1,0.2,0.3,4.5,0,0.2,-0,-0,-0.6,-0.39999999999999997
BDI,≥ 2 weekly,case,1,88.3,0.4,0.1,0,-4.5,-0.8,-0.7,-0.4,0.8,0.7,-0.4
CMR,≥ 50 weekly,case,5,351.9,2.6,0.4,0.4,8.3,0.5,0.3,0.2,-0.4,-1,-0.4
KEN,≥ 5 total,cum case,1,94.9,0.3,0.1,0,0,-0.9,-0.8,-0.8,0.5,1.6,-0.4
ETH,≥ .5 per 10K,rate,2,156,1.2,0.1,0,2.9,-0.4,-0.5,-0.1,0.6,0,-0.4
NGA,3-week,trend,6,163.9,0.5,0.1,0,2,-0.6,-0.7,-0.6,0.8,0.6,-0.4999999999999999
COD,≥ 1.5 per 10K,rate,4,247.2,2.3,0.3,0.2,5.3,-0,0.1,-0.1,0.2,-0.7,-0.49999999999999994
NER,≥ 1.5 per 10K,rate,4,418.1,1.5,0.4,0.2,6.2,0,-0.1,0.1,0.2,-0.7,-0.49999999999999994
ETH,1-week,trend,2,79.4,0.5,0.1,0,-1.7,-1,-1,-0.9,0.6,1.8,-0.5
NGA,≥ 10 weekly,case,3,184.3,0.6,0.1,0,2.9,-0.5,-0.5,-0.4,0.7,0.2,-0.5
COD,≥ .25 per 10K,rate,1,173.6,1.5,0.2,0,0.5,-0.6,-0.5,-0.6,0.7,0.5,-0.5
MWI,≥ .5 per 10K,rate,2,155.2,0.5,0.1,0,3.5,-0.4,-0.3,-0.3,0.7,-0.2,-0.5
UGA,≥ 1.5 per 10K,rate,4,45.2,0.4,0,0,4.7,-0.3,0.2,-0.5,0.7,-0.6,-0.5
COD,≥ 10 total,cum case,2,139.6,1.1,0.1,0,-2.4,-0.9,-0.8,-0.8,0.7,1.3,-0.5000000000000001
NER,≥ 10 total,cum case,2,178.7,0.6,0.1,0,-3.8,-0.9,-0.9,-0.8,0.6,1.5,-0.5000000000000001
SOM,3-week,trend,6,294.3,1.3,0.2,0,1.5,-0.3,-0.5,-0.6,0.8,-0,-0.5999999999999999
KEN,3-week,trend,6,192.9,0.6,0.2,0,2,-0.5,-0.5,-0.3,0.5,0.2,-0.6
COD,≥ 25 total,cum case,3,171.2,1.3,0.2,0,0.3,-0.7,-0.6,-0.6,0.7,0.6,-0.6
CMR,2-week,trend,4,209.3,1.8,0.2,0,-2.2,-0.8,-1,-0.7,0.7,1.2,-0.6000000000000001
ETH,≥ 2 weekly,case,1,119.3,0.8,0.1,0,1.3,-0.7,-0.8,-0.4,0.6,0.7,-0.6000000000000001
COD,≥ .5 per 10K,rate,2,194.2,1.7,0.2,0,2.7,-0.5,-0.3,-0.5,0.7,-0,-0.6000000000000001
ETH,≥ 5 total,cum case,1,100,0.7,0.1,0,-0.7,-0.9,-0.9,-0.8,0.6,1.4,-0.6000000000000002
NGA,≥ 5 weekly,case,2,153.7,0.5,0.1,0,2.4,-0.6,-0.7,-0.6,0.8,0.4,-0.6999999999999998
KEN,≥ 25 total,cum case,3,139.4,0.4,0.1,0,1,-0.7,-0.7,-0.7,0.5,0.9,-0.6999999999999998
TCD,3-week,trend,6,483.4,3.8,0.4,0,0.2,-0.6,-0.6,-0.2,0.6,0.1,-0.7
TCD,≥ 2 weekly,case,1,476.6,3.8,0.4,0,-1.1,-0.6,-0.6,-0.5,0.6,0.4,-0.7
NER,≥ 25 total,cum case,3,247.9,0.9,0.2,0,0.2,-0.6,-0.6,-0.7,0.6,0.6,-0.7
SLE,≥ 5 weekly,case,2,250.9,1.9,0.3,0,1.1,-0.5,-0.1,-0.9,0.7,0.1,-0.7000000000000001
NER,≥ 10 weekly,case,3,295.6,1.1,0.2,0,2.7,-0.5,-0.4,-0.5,0.6,0.1,-0.7000000000000001
COD,≥ 10 weekly,case,3,207.8,1.6,0.2,0,3.2,-0.4,-0.4,-0.4,0.7,-0.2,-0.7000000000000002
COD,≥ 100 weekly,case,6,372.6,3.5,0.4,0.9,6.9,1,0.9,0.1,-1.6,-1.1,-0.7000000000000002
MOZ,≥ 50 weekly,case,5,499,1.6,1,0.5,3,0.6,-0.7,0.8,-0.6,-0.9,-0.7999999999999999
GNB,≥ 1.5 per 10K,rate,4,367.5,1.9,0.5,0,4.5,-0.7,-0.2,0.2,0.5,-0.6,-0.7999999999999999
MOZ,≥ 2.5 per 10K,rate,5,499,1.6,1,0.5,3,0.6,-0.7,0.8,-0.6,-0.9,-0.7999999999999999
TCD,1-week,trend,2,434.2,3.4,0.3,0,-4.5,-0.9,-0.8,-1,0.6,1.3,-0.8
COD,≥ 5 weekly,case,2,178.9,1.4,0.2,0,1.7,-0.6,-0.5,-0.6,0.7,0.2,-0.8
BDI,≥ 25 weekly,case,4,125.2,0.7,0.2,0.5,12,-0,0.3,0.8,-0.4,-1.5,-0.8
SOM,≥ 50 weekly,case,5,356.9,1.4,0.3,0.5,1,0.3,-0.4,-0.4,-0.5,0.2,-0.8
MOZ,≥ 25 total,cum case,3,381.4,1.8,0.6,0,-1,-0.5,-0.3,-0.8,0.7,0.1,-0.8
SSD,≥ .5 per 10K,rate,2,383.3,2,0.3,0,2,-0.5,-0.3,-0.4,0.6,-0.2,-0.8
NER,≥ 1 per 10K,rate,3,319.1,1.1,0.4,0,5,-0.4,-0.4,-0.1,0.6,-0.5,-0.8
NGA,≥ 1 per 10K,rate,3,210.9,0.8,0.1,0.1,4.2,-0.3,-0.2,-0.3,0.4,-0.4,-0.8
SSD,≥ 2.5 per 10K,rate,5,353.5,2.4,0.4,0.2,4.3,-0.8,0.5,0.4,-0.2,-0.7,-0.8
NER,≥ 2 weekly,case,1,183.5,0.6,0.1,0,-2.3,-0.9,-0.9,-0.8,0.6,1.2,-0.8000000000000002
SSD,≥ 50 weekly,case,5,373.3,2,0.4,0.2,4.2,-0.6,-0.2,0.4,0.1,-0.6,-0.8999999999999999
NGA,≥ .25 per 10K,rate,1,155.9,0.6,0.1,0,2.6,-0.6,-0.7,-0.6,0.7,0.3,-0.8999999999999999
SOM,≥ .5 per 10K,rate,2,291.1,1.2,0.3,0.1,1.1,-0.3,-0.7,-0.6,0.6,0.1,-0.8999999999999999
COD,≥ 2 weekly,case,1,148,1.2,0.1,0,-0.4,-0.9,-0.7,-0.8,0.7,0.8,-0.9
MOZ,≥ 2 weekly,case,1,365.8,1.9,0.6,0,-1,-0.7,-0.2,-0.8,0.7,0.1,-0.9
UGA,≥ 2 weekly,case,1,42.6,0.2,0,0,2.7,-0.6,-0.9,-0.5,0.7,0.4,-0.9
COD,≥ 1 per 10K,rate,3,209.1,1.9,0.2,0.1,4.3,-0.3,-0.2,-0.4,0.5,-0.5,-0.9
COD,2-week,trend,4,116.1,0.9,0.1,0,-2.2,-1.1,-0.9,-0.8,0.7,1.2,-0.9000000000000002
KEN,≥ 10 total,cum case,2,109.1,0.3,0.1,0,1,-0.8,-0.8,-0.8,0.5,0.9,-1
COD,≥ 100 total,cum case,5,240.9,1.8,0.3,0.1,6,-0.1,-0.3,-0.2,0.5,-0.9,-1
ETH,≥ .25 per 10K,rate,1,129.8,0.9,0.1,0,2.6,-0.6,-0.7,-0.5,0.6,0.2,-1
NGA,≥ .5 per 10K,rate,2,186,0.7,0.1,0,3.8,-0.4,-0.4,-0.6,0.7,-0.3,-1
KEN,≥ 2 weekly,case,1,159.9,0.5,0.1,0,2,-0.6,-0.6,-0.6,0.5,0.2,-1.0999999999999999
NER,≥ 5 weekly,case,2,252.4,1,0.2,0,1.8,-0.6,-0.6,-0.7,0.6,0.2,-1.0999999999999999
NER,≥ 50 weekly,case,5,436.4,1.4,0.4,0.2,8.4,0.1,-0.1,-0.1,0.2,-1.2,-1.0999999999999999
NER,2-week,trend,4,149.6,0.5,0.1,0,-1.8,-1,-1,-0.8,0.6,1.1,-1.1
SLE,≥ 50 weekly,case,5,317.7,1.6,0.4,0.6,4.2,1.2,-1,0.3,-0.8,-0.8,-1.1
UGA,≥ .5 per 10K,rate,2,43.1,0.3,0,0,4,-0.5,-0.6,-0.5,0.7,-0.2,-1.1
TCD,≥ 5 per 10K,rate,6,555.9,6.2,0.4,0.5,4.9,-0.1,0.9,0,-0.8,-1.1,-1.1
ETH,2-week,trend,4,87,0.6,0.1,0,0.5,-1,-0.9,-0.9,0.6,1,-1.2000000000000002
ETH,3-week,trend,6,108.3,0.7,0.1,0,1.9,-0.8,-0.8,-0.7,0.6,0.5,-1.2000000000000002
NER,3-week,trend,6,261.7,0.9,0.2,0,3.2,-0.6,-0.6,-0.7,0.6,-0,-1.2999999999999998
SLE,≥ 2 weekly,case,1,226,1.7,0.3,0,-1.7,-1.2,-0.6,-1.2,0.7,1,-1.2999999999999998
KEN,≥ .5 per 10K,rate,2,197.4,0.6,0.2,0,3,-0.4,-0.4,-0.5,0.5,-0.5,-1.3
GHA,≥ 1 per 10K,rate,3,135,0.4,0,0,2.5,-0.1,0.1,-1.3,0.8,-0.8,-1.3
GIN,≥ 1 per 10K,rate,3,49.8,0.2,0,0.2,4.6,-0.4,-0.2,-0.3,0.3,-0.7,-1.3
SOM,≥ 1.5 per 10K,rate,4,319.9,1.3,0.2,0.3,1.4,-0,-0.5,-0.6,-0.2,0,-1.3
KEN,≥ 5 weekly,case,2,138.9,0.4,0.1,0,2,-0.7,-0.7,-0.7,0.5,0.2,-1.4
BDI,≥ 10 total,cum case,2,79,0.3,0,0,-5,-1,-1,-0.9,0.8,0.7,-1.4
COD,3-week,trend,6,144.8,1.1,0.1,0,1.4,-0.9,-0.8,-0.7,0.7,0.3,-1.4000000000000001
GNB,≥ 50 weekly,case,5,425,1.2,0.5,0,5.5,-0.5,-0.8,0.2,0.5,-0.8,-1.4000000000000001
SLE,≥ 1 per 10K,rate,3,240.4,2,0.3,0.1,2,-0.8,-0,-0.9,0.4,-0.1,-1.4000000000000001
SOM,≥ 25 weekly,case,4,300.3,1.1,0.2,0.1,3,-0.2,-0.7,-0.7,0.6,-0.6,-1.5999999999999999
GNB,≥ 100 weekly,case,6,458,1.1,1,0.5,7,-0.4,-0.9,2,-1.1,-1.2,-1.6
BDI,≥ 5 total,cum case,1,69.7,0.3,0,0,-6,-1.2,-1.1,-0.9,0.8,0.8,-1.6
KEN,≥ 10 weekly,case,3,149.9,0.4,0.2,0,3,-0.6,-0.6,-0.5,0.5,-0.5,-1.7
SLE,≥ 10 weekly,case,3,228,1.8,0.3,0,1.8,-1.1,-0.5,-0.7,0.7,-0.1,-1.7000000000000002
SOM,≥ 1 per 10K,rate,3,303.8,1.2,0.2,0.2,2.7,-0.2,-0.6,-0.7,0.2,-0.5,-1.7999999999999998
MOZ,≥ .25 per 10K,rate,1,335.4,1.7,0.6,0,0,-1,-0.5,-0.8,0.7,-0.2,-1.8
SLE,≥ .25 per 10K,rate,1,225.3,1.8,0.3,0,1.3,-1.2,-0.3,-1.1,0.7,0.1,-1.8
SSD,≥ 1 per 10K,rate,3,294.2,2,0.3,0.1,3.3,-1.4,-0.2,-0.2,0.4,-0.5,-1.9
GHA,≥ 25 weekly,case,4,119.4,0.4,0,0,2.5,-0.4,-0.2,-1.3,0.8,-0.8,-1.9000000000000001
UGA,≥ 10 weekly,case,3,38.4,0.2,0,0,4,-1,-1,-0.5,0.7,-0.2,-2
KEN,≥ .25 per 10K,rate,1,128.5,0.4,0.1,0,3,-0.7,-0.7,-0.6,0.5,-0.5,-2
SOM,≥ 2.5 per 10K,rate,5,317.2,1.4,0.3,0.5,2.5,-0.1,-0.4,-0.6,-0.5,-0.4,-2
CMR,≥ 5 per 10K,rate,6,240.8,2.6,0.4,0.6,8.4,-0.6,0.3,0.2,-0.9,-1,-2
SSD,≥ 500 total,cum case,6,429.7,1.4,0.5,0.6,4.6,-0,-1.4,1.5,-1.5,-0.7,-2.0999999999999996
MOZ,≥ 10 total,cum case,2,317.3,1.6,0.4,0,-3,-1.2,-0.7,-1.5,0.7,0.6,-2.1
SLE,≥ 5 per 10K,rate,6,216.2,2.2,0.5,0.7,5,-1.4,0.6,0.9,-1.1,-1.1,-2.1
UGA,≥ .25 per 10K,rate,1,36.1,0.2,0,0,4,-1.2,-1,-0.5,0.7,-0.2,-2.2
BDI,2-week,trend,4,79.9,0.4,0,0,3.5,-1,-0.9,-0.8,0.8,-0.4,-2.3
UGA,≥ 5 weekly,case,2,36,0.2,0,0,3.7,-1.2,-1.2,-0.5,0.7,-0.1,-2.3
NER,≥ 2.5 per 10K,rate,5,369.8,1.2,0.3,0.3,9.2,-0.2,-0.3,-0.2,-0.2,-1.4,-2.3
GIN,≥ 25 weekly,case,4,37.6,0.1,0,0.2,4.4,-0.9,-0.9,-0.3,0.3,-0.6,-2.4
CMR,1-week,trend,2,131.1,1.1,0.1,0,-4,-1.5,-2.1,-1.2,0.7,1.6,-2.5
UGA,≥ 50 weekly,case,5,41.5,0.4,0,0.7,5,-0.7,0.2,-0.5,-0.8,-0.7,-2.5
GHA,≥ 100 total,cum case,5,113.8,0.4,0,0.5,0,-0.5,-0.4,-1.3,-0.3,-0.1,-2.6
SSD,≥ 1.5 per 10K,rate,4,284.8,1.9,0.3,0.1,3.9,-1.5,-0.4,-0.5,0.4,-0.6,-2.6
GIN,≥ 1.5 per 10K,rate,4,38.2,0.2,0,0.3,4.8,-0.9,-0.6,-0.3,-0.1,-0.8,-2.7
TCD,≥ 100 weekly,case,6,556.9,4,0.6,0.7,7.8,-0.1,-0.5,0.9,-1.3,-1.8,-2.8000000000000003
SLE,≥ 100 weekly,case,6,301,1.1,0.5,0.8,4.5,0.8,-2.3,0.9,-1.4,-0.9,-2.8999999999999995
SLE,≥ 500 total,cum case,6,301,1.1,0.5,0.8,4.5,0.8,-2.3,0.9,-1.4,-0.9,-2.8999999999999995
MOZ,1-week,trend,2,282.6,1.4,0.4,0,-3,-1.5,-1,-1.7,0.7,0.6,-2.9
SLE,≥ 2.5 per 10K,rate,5,223.8,2.1,0.4,0.3,7,-1.2,0.4,-0.2,-0.2,-1.7,-2.9
BDI,3-week,trend,6,64.3,0.3,0.1,0.5,-1,-1.3,-1.1,-0.6,-0.4,0.2,-3.2
GIN,≥ 2.5 per 10K,rate,5,34.9,0.2,0,0.3,5.2,-1,-0.8,-0.3,-0.1,-1.1,-3.3000000000000003
SSD,≥ 5 per 10K,rate,6,357.4,3,0.2,0.6,6.4,-0.8,1.7,-1.6,-1.5,-1.2,-3.4000000000000004
NGA,≥ 7.5 per 10K,rate,7,199.6,1.4,0.1,0.9,7.2,-0.4,1,-0.5,-1.8,-1.8,-3.5
GIN,≥ 50 weekly,case,5,38.9,0.1,0,0.5,4.7,-0.8,-1.2,-0.3,-0.5,-0.8,-3.6
SSD,≥ 1000 total,cum case,7,414.3,1.2,0.5,0.8,6,-0.2,-1.7,1.5,-2.1,-1.1,-3.6
BDI,≥ 50 weekly,case,5,120.5,0.5,0,0.5,13,-0.1,-0.3,-1.3,-0.4,-1.6,-3.7
MOZ,≥ 100 weekly,case,6,329,1,1,0.5,5,-1,-1.6,0.8,-0.6,-1.3,-3.7
UGA,≥ 2.5 per 10K,rate,5,44.3,0.5,0,0.7,10,-0.4,1.1,-0.5,-0.8,-3.1,-3.7
CMR,≥ 100 weekly,case,6,274.2,1.6,0.3,0.7,8,-0.3,-1.4,-0,-1.3,-0.9,-3.9
BDI,≥ 2.5 per 10K,rate,5,120.5,0.5,0,0.5,14,-0.1,-0.3,-1.3,-0.4,-1.8,-3.9
GIN,≥ 100 weekly,case,6,41.5,0.1,0,0.7,5,-0.7,-1.2,-0.3,-0.9,-0.9,-4
CMR,≥ 500 total,cum case,6,265.1,1.7,0.3,0.8,7.8,-0.3,-1.3,-0.3,-1.7,-0.9,-4.5
NGA,≥ 250 weekly,case,7,158.6,0.4,0.2,0.9,6.5,-0.6,-0.9,0.2,-1.8,-1.5,-4.6
SLE,3-week,trend,6,211.5,1.6,0.2,0,5.3,-1.5,-0.9,-1.8,0.7,-1.2,-4.7
ETH,≥ 1000 total,cum case,7,143,2.4,0,1,5,-0.5,0.5,-1.9,-2.3,-0.7,-4.8999999999999995
GNB,≥ 2.5 per 10K,rate,5,145.5,0.6,0,0,6,-1.5,-1.3,-1.7,0.5,-0.9,-4.9
CMR,≥ 7.5 per 10K,rate,7,193.9,2.1,0.2,0.7,10.6,-1,-0.6,-0.8,-1.3,-1.5,-5.2
GHA,≥ 50 weekly,case,5,47.5,0.1,0,0.5,2,-1.6,-1.7,-1.3,-0.3,-0.7,-5.6
SSD,≥ 7.5 per 10K,rate,7,254.5,2.9,0.1,0.7,7.2,-1.8,1.5,-2.5,-1.8,-1.3,-5.9
GNB,≥ 5 per 10K,rate,6,18,0.2,0,0,7.5,-2,-1.8,-1.7,0.5,-1.3,-6.3
SSD,≥ 100 weekly,case,6,286.1,1,0.3,0.3,6.6,-1.5,-2.1,-1.1,-0.5,-1.2,-6.4
SOM,≥ 5 per 10K,rate,6,165.1,1,0.2,0.7,6.4,-1.5,-0.9,-0.9,-1.1,-2,-6.4
GHA,≥ 1.5 per 10K,rate,4,37,0.1,0,0.5,4,-1.8,-1.9,-1.3,-0.3,-1.3,-6.6
GIN,≥ 5 per 10K,rate,6,5.1,0.1,0,0.8,5,-2.2,-1.9,-0.3,-1.4,-0.9,-6.7
GNB,≥ 500 total,cum case,6,213,0.5,0,0.5,8,-1.3,-1.4,-1.7,-1.1,-1.4,-6.9
MWI,≥ 100 weekly,case,6,0,0,0,0.8,8,-1.5,-1.4,-1.2,-1.6,-1.3,-7
MWI,≥ 1000 total,cum case,7,0,0,0,0.8,8,-1.5,-1.4,-1.2,-1.6,-1.3,-7
MWI,≥ 5 per 10K,rate,6,0,0,0,0.8,8,-1.5,-1.4,-1.2,-1.6,-1.3,-7
SSD,≥ 250 weekly,case,7,391.8,1.1,0.2,0.8,7,-0.4,-2,-1.3,-2.1,-1.3,-7.1000000000000005
MWI,≥ 250 weekly,case,7,0,0,0,0.8,9,-1.5,-1.4,-1.2,-1.6,-1.5,-7.2
MWI,≥ 7.5 per 10K,rate,7,0,0,0,0.8,9,-1.5,-1.4,-1.2,-1.6,-1.5,-7.2
SOM,≥ 7.5 per 10K,rate,7,59.9,0.8,0.1,0.8,4,-2.4,-1.1,-1.4,-1.5,-1.1,-7.5
GNB,≥ 250 weekly,case,7,0,0,0,0.5,11,-2,-1.9,-1.7,-1.1,-2.2,-8.9
ETH,≥ 250 weekly,case,7,36.5,0.6,0,0.9,11,-1.3,-0.9,-1.9,-2.2,-3,-9.3
TCD,≥ 500 total,cum case,6,101.5,0.7,0,0.8,8.7,-3.2,-2.6,-3.2,-1.7,-2,-12.700000000000001
AGO,1-week,trend,2,21.5,0.1,0,NA,NA,2,2,NA,NA,NA,NA
BEN,1-week,trend,2,10.5,0.1,0,0,1,-0.7,-0.8,NA,0.6,2,NA
BFA,1-week,trend,2,0,0,0,NA,NA,NA,NA,NA,NA,NA,NA
CAF,1-week,trend,2,0.5,0,0,NA,NA,NA,NA,NA,NA,NA,NA
CIV,1-week,trend,2,67.8,0.5,0,NA,NA,1.6,1.5,NA,NA,NA,NA
COG,1-week,trend,2,1.3,0,0,NA,NA,0.2,0.2,NA,NA,NA,NA
LBR,1-week,trend,2,9.2,0.1,0,NA,NA,-0.9,-1.4,NA,NA,NA,NA
MLI,1-week,trend,2,12.8,0.1,0,NA,NA,1.3,1.7,NA,NA,NA,NA
MRT,1-week,trend,2,0,0,0,NA,NA,NA,NA,NA,NA,NA,NA
NAM,1-week,trend,2,31,0.5,0,NA,NA,1.2,1.2,NA,NA,NA,NA
RWA,1-week,trend,2,0,0,0,NA,NA,NA,NA,NA,NA,NA,NA
SDN,1-week,trend,2,0,0,0,NA,NA,NA,NA,NA,NA,NA,NA
TGO,1-week,trend,2,0.5,0,0,NA,NA,2.3,2.3,NA,NA,NA,NA
ZMB,1-week,trend,2,9.1,0.1,0,NA,NA,-0.9,-0.8,NA,NA,NA,NA
ZWE,1-week,trend,2,20.7,0.3,0,0,0,-1.9,-1.7,NA,0.3,1.6,NA
AGO,2-week,trend,4,0,0,0,NA,NA,-0.4,-0.4,NA,NA,NA,NA
BEN,2-week,trend,4,15,0.2,0,0,2,-0.3,-0.4,NA,0.6,1.2,NA
BFA,2-week,trend,4,0,0,0,NA,NA,NA,NA,NA,NA,NA,NA
CIV,2-week,trend,4,33.3,0.2,0,NA,NA,0.1,0.1,NA,NA,NA,NA
COG,2-week,trend,4,1.5,0,0,NA,NA,0.4,0.4,NA,NA,NA,NA
LBR,2-week,trend,4,10.4,0.1,0,NA,NA,-0.7,-0.5,NA,NA,NA,NA
MLI,2-week,trend,4,12,0,0,NA,NA,1.2,1.2,NA,NA,NA,NA
MRT,2-week,trend,4,0,0,0,NA,NA,NA,NA,NA,NA,NA,NA
NAM,2-week,trend,4,28,0.5,0,NA,NA,0.7,0.7,NA,NA,NA,NA
SDN,2-week,trend,4,0,0,0,NA,NA,NA,NA,NA,NA,NA,NA
TGO,2-week,trend,4,0,0,0,NA,NA,-0.4,-0.4,NA,NA,NA,NA
ZMB,2-week,trend,4,7.5,0,0,NA,NA,-1.1,-1.1,NA,NA,NA,NA
ZWE,2-week,trend,4,35.9,0.5,0,0,1,-1,-1,NA,0.3,0.5,NA
BEN,3-week,trend,6,15.4,0.2,0,0,3,-0.3,-0.3,NA,0.6,0.5,NA
BFA,3-week,trend,6,0,0,0,NA,NA,NA,NA,NA,NA,NA,NA
CIV,3-week,trend,6,24,0.2,0,NA,NA,-0.3,-0.3,NA,NA,NA,NA
COG,3-week,trend,6,0,0,0,NA,NA,-1,-1,NA,NA,NA,NA
LBR,3-week,trend,6,10.9,0.1,0,NA,NA,-0.6,-0.7,NA,NA,NA,NA
MLI,3-week,trend,6,9,0,0,NA,NA,0.5,0.3,NA,NA,NA,NA
NAM,3-week,trend,6,26,0.5,0,NA,NA,0.4,0.4,NA,NA,NA,NA
TGO,3-week,trend,6,0,0,0,NA,NA,-0.4,-0.4,NA,NA,NA,NA
ZMB,3-week,trend,6,14.7,0.1,0,NA,NA,-0.6,-0.6,NA,NA,NA,NA
ZWE,3-week,trend,6,38.6,0.5,0,0,2,-0.9,-0.9,NA,0.3,-0.7,NA
AGO,≥ 2 weekly,case,1,0,0,0,NA,NA,-0.4,-0.4,NA,NA,NA,NA
BEN,≥ 2 weekly,case,1,12.7,0.2,0,0,3,-0.5,-0.5,NA,0.6,0.5,NA
BFA,≥ 2 weekly,case,1,0,0,0,NA,NA,NA,NA,NA,NA,NA,NA
CIV,≥ 2 weekly,case,1,24,0.2,0,NA,NA,-0.3,-0.3,NA,NA,NA,NA
COG,≥ 2 weekly,case,1,0,0,0,NA,NA,-1,-1,NA,NA,NA,NA
LBR,≥ 2 weekly,case,1,26.2,0.1,0,NA,NA,1.8,1.2,NA,NA,NA,NA
MLI,≥ 2 weekly,case,1,8,0,0,NA,NA,0.3,0.1,NA,NA,NA,NA
NAM,≥ 2 weekly,case,1,26,0.5,0,NA,NA,0.4,0.4,NA,NA,NA,NA
TGO,≥ 2 weekly,case,1,0,0,0,NA,NA,-0.4,-0.4,NA,NA,NA,NA
ZMB,≥ 2 weekly,case,1,17.5,0.1,0,NA,NA,-0.4,-0.4,NA,NA,NA,NA
ZWE,≥ 2 weekly,case,1,38.6,0.5,0,0,2,-0.9,-0.9,NA,0.3,-0.7,NA
BEN,≥ 5 weekly,case,2,13,0.2,0,0,4,-0.5,-0.4,NA,0.6,-0.3,NA
CIV,≥ 5 weekly,case,2,24,0.2,0,NA,NA,-0.3,-0.3,NA,NA,NA,NA
MLI,≥ 5 weekly,case,2,1.2,0,0,NA,NA,-1.1,-0.9,NA,NA,NA,NA
NAM,≥ 5 weekly,case,2,15,0.3,0,NA,NA,-1.4,-1.4,NA,NA,NA,NA
ZMB,≥ 5 weekly,case,2,35,0.2,0,NA,NA,0.8,0.8,NA,NA,NA,NA
ZWE,≥ 5 weekly,case,2,48,0.7,0,0,2,-0.3,-0.4,NA,0.3,-0.7,NA
BEN,≥ 10 weekly,case,3,14.9,0.2,0,0,5,-0.3,-0.2,NA,0.6,-1.1,NA
CIV,≥ 10 weekly,case,3,24,0.2,0,NA,NA,-0.3,-0.3,NA,NA,NA,NA
MLI,≥ 10 weekly,case,3,0.4,0,0,NA,NA,-1.2,-1.2,NA,NA,NA,NA
ZWE,≥ 10 weekly,case,3,48,0.7,0,0,2,-0.3,-0.4,NA,0.3,-0.7,NA
BEN,≥ 25 weekly,case,4,20,0.3,0,0,5,0.1,0.2,NA,0.6,-1.1,NA
CIV,≥ 25 weekly,case,4,3,0,0,NA,NA,-1.2,-1.4,NA,NA,NA,NA
MLI,≥ 25 weekly,case,4,1,0,0,NA,NA,-1.1,-1.2,NA,NA,NA,NA
ZWE,≥ 25 weekly,case,4,46,0.7,0,0,2,-0.4,-0.5,NA,0.3,-0.7,NA
ZWE,≥ 50 weekly,case,5,56,0.8,0,0,2,0.1,0.2,NA,0.3,-0.7,NA
TZA,≥ 100 weekly,case,6,60.3,0.2,0,1,NA,-1.2,-1.3,-1.1,-1.5,NA,NA
ZWE,≥ 100 weekly,case,6,68,1.2,0,0,2,0.8,1.2,NA,0.3,-0.7,NA
SOM,≥ 250 weekly,case,7,306,4.2,1,1,NA,-0.2,2.8,3.7,-2,NA,NA
AGO,≥ 5 total,cum case,1,0,0,0,NA,NA,-0.4,-0.4,NA,NA,NA,NA
BEN,≥ 5 total,cum case,1,17.1,0.2,0,0,2,-0.1,-0.2,NA,0.6,1.2,NA
BFA,≥ 5 total,cum case,1,0,0,0,NA,NA,NA,NA,NA,NA,NA,NA
CIV,≥ 5 total,cum case,1,74,0.5,0,NA,NA,1.9,1.8,NA,NA,NA,NA
COG,≥ 5 total,cum case,1,1.3,0,0,NA,NA,0.2,0.2,NA,NA,NA,NA
LBR,≥ 5 total,cum case,1,14.1,0.1,0,NA,NA,-0.1,0.6,NA,NA,NA,NA
MLI,≥ 5 total,cum case,1,8.9,0,0,NA,NA,0.5,1,NA,NA,NA,NA
MRT,≥ 5 total,cum case,1,0,0,0,NA,NA,NA,NA,NA,NA,NA,NA
NAM,≥ 5 total,cum case,1,28,0.5,0,NA,NA,0.7,0.7,NA,NA,NA,NA
RWA,≥ 5 total,cum case,1,0,0,0,NA,NA,NA,NA,NA,NA,NA,NA
TGO,≥ 5 total,cum case,1,0,0,0,NA,NA,-0.4,-0.4,NA,NA,NA,NA
ZMB,≥ 5 total,cum case,1,9,0,0,NA,NA,-1,-1,NA,NA,NA,NA
ZWE,≥ 5 total,cum case,1,29.1,0.4,0,0,0,-1.4,-1.3,NA,0.3,1.6,NA
AGO,≥ 10 total,cum case,2,0,0,0,NA,NA,-0.4,-0.4,NA,NA,NA,NA
BEN,≥ 10 total,cum case,2,15.4,0.2,0,0,2,-0.3,-0.5,NA,0.6,1.2,NA
BFA,≥ 10 total,cum case,2,0,0,0,NA,NA,NA,NA,NA,NA,NA,NA
CIV,≥ 10 total,cum case,2,74,0.5,0,NA,NA,1.9,1.8,NA,NA,NA,NA
COG,≥ 10 total,cum case,2,1.5,0,0,NA,NA,0.4,0.4,NA,NA,NA,NA
LBR,≥ 10 total,cum case,2,17.3,0.1,0,NA,NA,0.4,0.8,NA,NA,NA,NA
MLI,≥ 10 total,cum case,2,8.4,0,0,NA,NA,0.4,0.6,NA,NA,NA,NA
MRT,≥ 10 total,cum case,2,0,0,0,NA,NA,NA,NA,NA,NA,NA,NA
NAM,≥ 10 total,cum case,2,26,0.5,0,NA,NA,0.4,0.4,NA,NA,NA,NA
RWA,≥ 10 total,cum case,2,0,0,0,NA,NA,NA,NA,NA,NA,NA,NA
TGO,≥ 10 total,cum case,2,0,0,0,NA,NA,-0.4,-0.4,NA,NA,NA,NA
ZMB,≥ 10 total,cum case,2,14.7,0.1,0,NA,NA,-0.6,-0.6,NA,NA,NA,NA
ZWE,≥ 10 total,cum case,2,45.2,0.6,0,0,0,-0.5,-0.6,NA,0.3,1.6,NA
AGO,≥ 25 total,cum case,3,0,0,0,NA,NA,-0.4,-0.4,NA,NA,NA,NA
BEN,≥ 25 total,cum case,3,15.5,0.2,0,0,3,-0.3,-0.4,NA,0.6,0.5,NA
CIV,≥ 25 total,cum case,3,49.5,0.4,0,NA,NA,0.8,0.8,NA,NA,NA,NA
COG,≥ 25 total,cum case,3,3,0,0,NA,NA,1.8,1.8,NA,NA,NA,NA
MLI,≥ 25 total,cum case,3,9.5,0,0,NA,NA,0.7,0.7,NA,NA,NA,NA
MRT,≥ 25 total,cum case,3,0,0,0,NA,NA,NA,NA,NA,NA,NA,NA
NAM,≥ 25 total,cum case,3,15,0.3,0,NA,NA,-1.4,-1.4,NA,NA,NA,NA
RWA,≥ 25 total,cum case,3,0,0,0,NA,NA,NA,NA,NA,NA,NA,NA
TGO,≥ 25 total,cum case,3,0,0,0,NA,NA,-0.4,-0.4,NA,NA,NA,NA
ZMB,≥ 25 total,cum case,3,44,0.2,0,NA,NA,1.4,1.4,NA,NA,NA,NA
ZWE,≥ 25 total,cum case,3,56.9,0.8,0,0,0,0.2,-0,NA,0.3,1.6,NA
BEN,≥ 50 total,cum case,4,15.5,0.2,0,0,4,-0.3,-0.3,NA,0.6,-0.3,NA
CIV,≥ 50 total,cum case,4,13,0.1,0,NA,NA,-0.8,-0.9,NA,NA,NA,NA
MLI,≥ 50 total,cum case,4,11,0,0,NA,NA,0.9,0.6,NA,NA,NA,NA
ZMB,≥ 50 total,cum case,4,44,0.2,0,NA,NA,1.4,1.4,NA,NA,NA,NA
ZWE,≥ 50 total,cum case,4,79.6,1.1,0,0,0,1.5,1,NA,0.3,1.6,NA
BEN,≥ 100 total,cum case,5,19.7,0.3,0,0,5,0.1,-0.1,NA,0.6,-1.1,NA
CIV,≥ 100 total,cum case,5,4,0,0,NA,NA,-1.2,-1.4,NA,NA,NA,NA
MLI,≥ 100 total,cum case,5,11,0,0,NA,NA,0.9,0.5,NA,NA,NA,NA
ZWE,≥ 100 total,cum case,5,94.5,1.4,0,0,0,2.3,1.8,NA,0.3,1.6,NA
TZA,≥ 500 total,cum case,6,90,0.3,0,1,NA,-0.8,-1,-1.1,-1.5,NA,NA
ZWE,≥ 500 total,cum case,6,81,1.4,0,0,2,1.6,2,NA,0.3,-0.7,NA
SOM,≥ 1000 total,cum case,7,252,3.5,0.5,1,NA,-0.7,1.9,0.8,-2,NA,NA
BEN,≥ .25 per 10K,rate,1,11.4,0.2,0,0,3,-0.6,-0.5,NA,0.6,0.5,NA
CIV,≥ .25 per 10K,rate,1,24,0.2,0,NA,NA,-0.3,-0.3,NA,NA,NA,NA
COG,≥ .25 per 10K,rate,1,0,0,0,NA,NA,-1,-1,NA,NA,NA,NA
MLI,≥ .25 per 10K,rate,1,1.2,0,0,NA,NA,-1.1,-0.9,NA,NA,NA,NA
NAM,≥ .25 per 10K,rate,1,26,0.5,0,NA,NA,0.4,0.4,NA,NA,NA,NA
ZMB,≥ .25 per 10K,rate,1,35,0.2,0,NA,NA,0.8,0.8,NA,NA,NA,NA
ZWE,≥ .25 per 10K,rate,1,48,0.7,0,0,2,-0.3,-0.4,NA,0.3,-0.7,NA
BEN,≥ .5 per 10K,rate,2,13.2,0.2,0,0,4,-0.5,-0.3,NA,0.6,-0.3,NA
CIV,≥ .5 per 10K,rate,2,24,0.2,0,NA,NA,-0.3,-0.3,NA,NA,NA,NA
MLI,≥ .5 per 10K,rate,2,0.4,0,0,NA,NA,-1.2,-1.2,NA,NA,NA,NA
NAM,≥ .5 per 10K,rate,2,15,0.3,0,NA,NA,-1.4,-1.4,NA,NA,NA,NA
ZWE,≥ .5 per 10K,rate,2,48,0.7,0,0,2,-0.3,-0.4,NA,0.3,-0.7,NA
BEN,≥ 1 per 10K,rate,3,18.9,0.3,0,0,4,0,0.1,NA,0.6,-0.3,NA
CIV,≥ 1 per 10K,rate,3,13,0.1,0,NA,NA,-0.8,-0.6,NA,NA,NA,NA
MLI,≥ 1 per 10K,rate,3,0.7,0,0,NA,NA,-1.2,-1.1,NA,NA,NA,NA
ZWE,≥ 1 per 10K,rate,3,48,0.7,0,0,2,-0.3,-0.4,NA,0.3,-0.7,NA
BEN,≥ 1.5 per 10K,rate,4,19.6,0.3,0,0,5,0.1,0.2,NA,0.6,-1.1,NA
CIV,≥ 1.5 per 10K,rate,4,23,0.3,0,NA,NA,-0.4,0.3,NA,NA,NA,NA
ZWE,≥ 1.5 per 10K,rate,4,56,0.8,0,0,2,0.1,0.2,NA,0.3,-0.7,NA
BEN,≥ 2.5 per 10K,rate,5,25.4,0.4,0,0,5,0.6,0.7,NA,0.6,-1.1,NA
GHA,≥ 2.5 per 10K,rate,5,17,0.1,0,1,NA,-2.1,-2,-1.3,-1.4,NA,NA
ZWE,≥ 2.5 per 10K,rate,5,56,0.8,0,0,2,0.1,0.2,NA,0.3,-0.7,NA
BEN,≥ 5 per 10K,rate,6,61,1,0,0,5,3.8,3.7,NA,0.6,-1.1,NA
TZA,≥ 5 per 10K,rate,6,90,0.3,0,1,NA,-0.8,-1,-1.1,-1.5,NA,NA
UGA,≥ 5 per 10K,rate,6,62,0.6,0,1,NA,1.4,2.7,-0.5,-1.5,NA,NA
ZWE,≥ 5 per 10K,rate,6,68,1.2,0,0,2,0.8,1.2,NA,0.3,-0.7,NA
ZWE,≥ 7.5 per 10K,rate,7,68,1.2,0,0,2,0.8,1.2,NA,0.3,-0.7,NA
BEN,≥ 50 weekly,case,5,NA,NA,NA,1,NA,NA,NA,NA,-1.7,NA,NA
BDI,≥ 100 weekly,case,6,NA,NA,NA,1,NA,NA,NA,NA,-1.5,NA,NA
BEN,≥ 100 weekly,case,6,NA,NA,NA,1,NA,NA,NA,NA,-1.7,NA,NA
GHA,≥ 100 weekly,case,6,NA,NA,NA,1,NA,NA,NA,NA,-1.4,NA,NA
UGA,≥ 100 weekly,case,6,NA,NA,NA,1,NA,NA,NA,NA,-1.5,NA,NA
BDI,≥ 250 weekly,case,7,NA,NA,NA,1,NA,NA,NA,NA,-1.5,NA,NA
BEN,≥ 250 weekly,case,7,NA,NA,NA,1,NA,NA,NA,NA,-1.7,NA,NA
CMR,≥ 250 weekly,case,7,NA,NA,NA,1,NA,NA,NA,NA,-2.2,NA,NA
GHA,≥ 250 weekly,case,7,NA,NA,NA,1,NA,NA,NA,NA,-1.4,NA,NA
GIN,≥ 250 weekly,case,7,NA,NA,NA,1,NA,NA,NA,NA,-1.8,NA,NA
KEN,≥ 250 weekly,case,7,NA,NA,NA,1,NA,NA,NA,NA,-1.9,NA,NA
MOZ,≥ 250 weekly,case,7,NA,NA,NA,1,NA,NA,NA,NA,-1.8,NA,NA
SLE,≥ 250 weekly,case,7,NA,NA,NA,1,NA,NA,NA,NA,-2,NA,NA
TCD,≥ 250 weekly,case,7,NA,NA,NA,1,NA,NA,NA,NA,-2.3,NA,NA
TZA,≥ 250 weekly,case,7,NA,NA,NA,1,NA,NA,NA,NA,-1.5,NA,NA
UGA,≥ 250 weekly,case,7,NA,NA,NA,1,NA,NA,NA,NA,-1.5,NA,NA
ZWE,≥ 250 weekly,case,7,NA,NA,NA,1,NA,NA,NA,NA,-3.2,NA,NA
BDI,≥ 500 total,cum case,6,NA,NA,NA,1,NA,NA,NA,NA,-1.5,NA,NA
BEN,≥ 500 total,cum case,6,NA,NA,NA,1,NA,NA,NA,NA,-1.7,NA,NA
GHA,≥ 500 total,cum case,6,NA,NA,NA,1,NA,NA,NA,NA,-1.4,NA,NA
GIN,≥ 500 total,cum case,6,NA,NA,NA,1,NA,NA,NA,NA,-1.8,NA,NA
KEN,≥ 500 total,cum case,6,NA,NA,NA,1,NA,NA,NA,NA,-1.9,NA,NA
MOZ,≥ 500 total,cum case,6,NA,NA,NA,1,NA,NA,NA,NA,-1.8,NA,NA
UGA,≥ 500 total,cum case,6,NA,NA,NA,1,NA,NA,NA,NA,-1.5,NA,NA
BDI,≥ 1000 total,cum case,7,NA,NA,NA,1,NA,NA,NA,NA,-1.5,NA,NA
BEN,≥ 1000 total,cum case,7,NA,NA,NA,1,NA,NA,NA,NA,-1.7,NA,NA
GHA,≥ 1000 total,cum case,7,NA,NA,NA,1,NA,NA,NA,NA,-1.4,NA,NA
GIN,≥ 1000 total,cum case,7,NA,NA,NA,1,NA,NA,NA,NA,-1.8,NA,NA
GNB,≥ 1000 total,cum case,7,NA,NA,NA,1,NA,NA,NA,NA,-2.7,NA,NA
KEN,≥ 1000 total,cum case,7,NA,NA,NA,1,NA,NA,NA,NA,-1.9,NA,NA
MOZ,≥ 1000 total,cum case,7,NA,NA,NA,1,NA,NA,NA,NA,-1.8,NA,NA
NER,≥ 1000 total,cum case,7,NA,NA,NA,1,NA,NA,NA,NA,-2,NA,NA
SLE,≥ 1000 total,cum case,7,NA,NA,NA,1,NA,NA,NA,NA,-2,NA,NA
TCD,≥ 1000 total,cum case,7,NA,NA,NA,1,NA,NA,NA,NA,-2.3,NA,NA
TZA,≥ 1000 total,cum case,7,NA,NA,NA,1,NA,NA,NA,NA,-1.5,NA,NA
UGA,≥ 1000 total,cum case,7,NA,NA,NA,1,NA,NA,NA,NA,-1.5,NA,NA
ZWE,≥ 1000 total,cum case,7,NA,NA,NA,1,NA,NA,NA,NA,-3.2,NA,NA
BDI,≥ 5 per 10K,rate,6,NA,NA,NA,1,NA,NA,NA,NA,-1.5,NA,NA
GHA,≥ 5 per 10K,rate,6,NA,NA,NA,1,NA,NA,NA,NA,-1.4,NA,NA
KEN,≥ 5 per 10K,rate,6,NA,NA,NA,1,NA,NA,NA,NA,-1.9,NA,NA
MOZ,≥ 5 per 10K,rate,6,NA,NA,NA,1,NA,NA,NA,NA,-1.8,NA,NA
BDI,≥ 7.5 per 10K,rate,7,NA,NA,NA,1,NA,NA,NA,NA,-1.5,NA,NA
BEN,≥ 7.5 per 10K,rate,7,NA,NA,NA,1,NA,NA,NA,NA,-1.7,NA,NA
GHA,≥ 7.5 per 10K,rate,7,NA,NA,NA,1,NA,NA,NA,NA,-1.4,NA,NA
GIN,≥ 7.5 per 10K,rate,7,NA,NA,NA,1,NA,NA,NA,NA,-1.8,NA,NA
GNB,≥ 7.5 per 10K,rate,7,NA,NA,NA,1,NA,NA,NA,NA,-2.7,NA,NA
KEN,≥ 7.5 per 10K,rate,7,NA,NA,NA,1,NA,NA,NA,NA,-1.9,NA,NA
MOZ,≥ 7.5 per 10K,rate,7,NA,NA,NA,1,NA,NA,NA,NA,-1.8,NA,NA
TZA,≥ 7.5 per 10K,rate,7,NA,NA,NA,1,NA,NA,NA,NA,-1.5,NA,NA
UGA,≥ 7.5 per 10K,rate,7,NA,NA,NA,1,NA,NA,NA,NA,-1.5,NA,NA
